TRAITS,PEARSON CORRELATION
AGR,0.13821153733889938
CON,0.13258441590906478
EXT,0.15911376474167643
NEU,0.11824827549396776
OPN,0.11048639464962647
