TRAITS,ACCURACY
AGR,0.5505697287486135
CON,0.5603509125743672
EXT,0.580417464959161
NEU,0.629827568821216
OPN,0.7456892205304023
